우선순위,이름/업체,업종,관계,연락채널,현재문제 가설,1차연락 일시,답변,진단예약,제안서,결제,다음행동,다음행동 일시,메모
A,,,,,,,,,,,,,
A,,,,,,,,,,,,,
A,,,,,,,,,,,,,
A,,,,,,,,,,,,,
A,,,,,,,,,,,,,
A,,,,,,,,,,,,,
A,,,,,,,,,,,,,
A,,,,,,,,,,,,,
A,,,,,,,,,,,,,
A,,,,,,,,,,,,,
B,,,,,,,,,,,,,
B,,,,,,,,,,,,,
B,,,,,,,,,,,,,
B,,,,,,,,,,,,,
B,,,,,,,,,,,,,
B,,,,,,,,,,,,,
B,,,,,,,,,,,,,
B,,,,,,,,,,,,,
B,,,,,,,,,,,,,
B,,,,,,,,,,,,,
C,,,,,,,,,,,,,
C,,,,,,,,,,,,,
C,,,,,,,,,,,,,
C,,,,,,,,,,,,,
C,,,,,,,,,,,,,
C,,,,,,,,,,,,,
C,,,,,,,,,,,,,
C,,,,,,,,,,,,,
C,,,,,,,,,,,,,
C,,,,,,,,,,,,,
